"pID","(Estimated) MAST (degrees C)_med","Annual Beam Radiance (MJ/sq.m)_med","Effective Precipitation (mm)_med","Elevation (m)_med","Frost-Free Days_med","Growing Degree Days (degrees C)_med","Mean Annual Air Temperature (degrees C)_med","Mean Annual Precipitation (mm)_med","Slope Gradient (%)_med"
1,18.0001354217529,66425.96484375,-425.424011230469,95.5,321,2671,16.6430225372314,433,7
2,17.8187808990479,68756.71875,-396.411010742188,149,318,2650,16.5527896881104,457,8
3,17.7553911209106,67295.46875,-413.723480224609,139,319,2656,16.5797443389893,443,5
4,16.3953924179077,67176.76171875,-154.148956298828,338,288,2549,16.0261096954346,676,4
5,16.6485843658447,67103.5703125,-231.075546264648,299,293,2583,16.1959934234619,612,2
6,16.6650238037109,67957.5546875,-208.24755859375,308,291,2590,16.2025051116943,635,4
7,15.0855922698975,62978.69921875,-21.0297241210938,481,265,2467,15.5923118591309,788,27.5
8,15.8552503585815,64069.7890625,-43.3621063232422,374,287,2522,15.9542036056519,778,15
9,16.7187404632568,65308.90234375,-102.134231567383,265,298,2567,16.190315246582,730,8
10,16.9784202575684,66545.35546875,-291.372589111328,244,309,2639,16.4650135040283,571,2
11,16.0883255004883,69200.1875,-191.155364990234,408.5,282,2541,15.9664163589478,639,12
12,16.4126567840576,65267.990234375,-208.24755859375,311,291,2590,16.2025051116943,635,9
13,16.979887008667,68562.42578125,-249.603302001953,272,293,2606,16.2724494934082,601,5
14,16.5893878936768,63574.0234375,-298.974365234375,257,310,2634,16.4458236694336,563,9
15,16.825475692749,67463.98828125,-249.603302001953,276,302,2609,16.2879867553711,601,4
16,16.9642925262451,67397.25390625,-283.664154052734,251,308,2628,16.4197769165039,575,4
17,16.9797859191895,67978.4296875,-277.681488037109,264,307,2626,16.3894596099854,581,7
18,17.0363664627075,68433.06640625,-298.974365234375,262,310,2632,16.432653427124,563,8
19,16.8601226806641,65690.14453125,-283.664154052734,249,308,2628,16.4197769165039,575,5.5
20,16.8495960235596,68652.65625,-255.800628662109,284,293,2599,16.2493419647217,593,8
21,16.852855682373,68431.0625,-249.603302001953,289,293,2606,16.2724494934082,601,7
22,16.5851812362671,66636.45703125,-208.076629638672,305.5,293,2591,16.2344608306885,635,6
23,16.7606830596924,66839.16796875,-255.800628662109,277.5,293,2599,16.2493419647217,593,5.5
24,16.6786451339722,65749.125,-284.792236328125,275,303,2611,16.324520111084,570,3
25,16.7261390686035,68242.109375,-216.401306152344,303,296,2583,16.1959934234619,626,5
26,16.4439353942871,65018.62109375,-223.979583740234,302,292,2587,16.2116203308105,618,6
27,16.10435962677,56197.359375,-329.864410400391,230.5,310,2636,16.4499053955078,528,39.5
28,16.7461376190186,67048.4296875,-326.495513916016,282,308,2620,16.3651828765869,525,8
29,15.6463441848755,53965.96484375,-322.524169921875,273.5,307,2621,16.3637676239014,528,31
30,16.765739440918,68969.2421875,-315.256072998047,308,304,2596,16.2577953338623,531,12
31,15.0803422927856,55498.3984375,-269.927154541016,367,300,2540,16.0288696289062,562,33
32,15.6306009292603,64599.5390625,-225.871688842773,411,298,2512,15.9113435745239,594,11
33,15.4176168441772,64146.6171875,-241.256500244141,444,300,2510,15.896388053894,580,10
34,16.1728439331055,70439.6328125,-259.861663818359,417,295,2524,15.9440298080444,566,11
35,16.6794672012329,67871.58203125,-247.060348510742,305,293,2523,15.9408740997314,577,4
36,16.6593379974365,67642.046875,-247.060348510742,298,294,2532,15.9653930664062,577,9
37,16.7421073913574,67343.609375,-235.09684753418,291,294,2532,15.9653930664062,588,5
38,16.6761417388916,68287.7890625,-235.09684753418,313,301,2542,16.0745029449463,588,11
39,16.8209972381592,67503.9140625,-301.400146484375,280,305,2589,16.2356452941895,542,3
40,16.6630420684814,68499.1953125,-314.492919921875,321,308,2596,16.2786350250244,532,10
41,17.5893220901489,66359.69921875,-317.128387451172,150,330,2629,16.5834674835205,508,10
42,15.285336971283,63989.779296875,-282.700347900391,459.5,286,2496,15.802170753479,537,10
43,15.4864687919617,66904.0390625,-282.700347900391,468,286,2496,15.802170753479,537,4
44,15.5641503334045,66668.76953125,-282.993072509766,450,298,2523,15.9591636657715,544,4
45,15.6904878616333,67818.9453125,-282.700347900391,449,286,2496,15.802170753479,537,7
46,15.6698884963989,67606.0078125,-273.830963134766,450,286,2496,15.802170753479,544,3
47,16.1923732757568,68247.3515625,-288.827972412109,374,297,2542,16.0548305511475,542,10
48,16.9071521759033,67335,-321.529541015625,264,316,2613,16.3871688842773,530,3
49,16.550350189209,66225.3046875,-317.660888671875,298,311,2590,16.2864513397217,529,11
50,16.7748737335205,68417.4375,-301.168334960938,300,294,2533,15.9900074005127,529,11
51,14.2923612594604,68513.7734375,38.4884033203125,658,269,2416,15.4285440444946,833,15
52,16.2895679473877,66007.5546875,-291.265014648438,345,301,2543,16.0617713928223,544,11
53,16.3392772674561,67883.8515625,-288.272125244141,355,301,2548,16.0930595397949,546,3
54,16.1646957397461,68099.71875,-291.585113525391,380,304,2542,16.0706157684326,541,10
55,16.4049854278564,63971.2734375,-283.755401611328,292,296,2547,16.0613803863525,550,10
56,17.2151575088501,66407.265625,-354.625396728516,207,318,2624,16.4851474761963,498,2.5
57,16.8615036010742,65296.388671875,-316.361419677734,253,310,2584,16.2586688995361,525,10
58,16.9277143478394,67499.35546875,-310.279479980469,267,304,2591,16.294921875,535,10
59,17.4848642349243,66129.99609375,-371.072570800781,163.5,320,2651,16.5720691680908,490,2
60,17.4041233062744,67840.58984375,-336.403869628906,197,315,2613,16.4229602813721,515,4
61,17.2817821502686,67739.171875,-343.092956542969,211,316,2618,16.4294338226318,511,9
62,17.6244096755981,70179.87109375,-350.909515380859,193.5,316,2622,16.4575519561768,500,12
63,15.6854286193848,67186.0234375,-197.27961730957,442.5,301,2521,15.9633331298828,621,4
64,16.766300201416,68066.7578125,-278.088470458984,289.5,303,2586,16.2704277038574,563,10
65,16.6563739776611,67560.84375,-238.565292358398,305,299,2549,16.0869293212891,589,11
66,17.2609424591064,70198.8984375,-292.854034423828,241,306,2600,16.3556156158447,556,11
67,16.2602081298828,66557.42578125,-237.123840332031,341,286,2563,16.0795059204102,598,8.5
68,17.440239906311,67703.69921875,-376.964935302734,194,314,2625,16.4338665008545,471,3
69,17.9226570129395,67045.0234375,-435.303436279297,114.5,323,2668,16.638090133667,421,9
70,16.7575407028198,67542.73046875,-309.059417724609,288,312,2595,16.3025531768799,527,3
71,17.5704202651978,67531.5625,-369.215759277344,170,318,2639,16.5362606048584,486,7
72,17.1794805526733,67818.39453125,-315.253662109375,232.5,312,2617,16.4024791717529,524,11
73,17.4586544036865,68710.234375,-322.545196533203,204,312,2629,16.4268074035645,528,6
74,17.20924949646,68164.359375,-317.208129882812,228,315,2639,16.4851264953613,532,12.5
75,17.7604389190674,67699.40625,-396.411010742188,141,318,2650,16.5527896881104,457,8
76,17.1027030944824,67639.00390625,-349.991363525391,245,315,2624,16.4285717010498,491,9
77,17.0163745880127,67358.9375,-315.253662109375,248,312,2617,16.4024791717529,524,8
78,16.9633712768555,68108.97265625,-282.691833496094,268,314,2610,16.3784065246582,556,4
79,17.6142272949219,66201.9453125,-332.898315429688,146,316,2656,16.5625171661377,519,2
80,17.4599704742432,68934.9296875,-322.574371337891,214,317,2634,16.484733581543,524,12
81,16.7761535644531,66914.296875,-260.720642089844,279,306,2600,16.2956142425537,577,4
82,16.6987152099609,67008.6953125,-168.271636962891,287,321,2579,16.4188709259033,660,9
83,16.4937810897827,67399.9140625,-134.176391601562,321.5,311,2546,16.215015411377,693,9
84,16.990592956543,66478.578125,-292.476287841797,245,307,2609,16.3285026550293,551,7
85,16.7468690872192,68822.55078125,-242.899703979492,310,291,2573,16.1568660736084,590,9
86,16.612530708313,67468.15625,-245.141265869141,312,294,2583,16.1887741088867,588,4
87,16.59645652771,66893.05859375,-247.275955200195,305,294,2582,16.1747665405273,586,5
88,16.4171648025513,66311.0078125,-236.359817504883,324,293,2552,16.0542907714844,587,6
89,16.6660852432251,66668.296875,-267.271057128906,292,312,2593,16.2794094085693,568,4
90,16.7889547348022,67872.3203125,-250.981506347656,289.5,296,2570,16.1573028564453,576,5.5
91,16.7376461029053,66924.3359375,-262.7392578125,285,310,2592,16.2661590576172,574,4
92,16.8669090270996,67951.4453125,-294.349426269531,280,312,2601,16.3131484985352,540,5
93,17.455924987793,65285.19140625,-333.810424804688,159.5,316,2655,16.5531921386719,516,8
94,16.4937400817871,66538.7421875,-255.766387939453,316,299,2580,16.1714344024658,579,3
95,16.2585601806641,58386.216796875,-249.719970703125,226,320,2594,16.4168605804443,553,31
96,16.360502243042,67635.515625,-220.310882568359,350,282,2563,16.0617008209229,613,5
97,16.3976860046387,67092.66796875,-230.095977783203,328,285,2576,16.1323280334473,608,3
98,16.243109703064,65470,-236.359817504883,337,290,2552,16.0542907714844,588,11
99,16.550217628479,66998.71875,-245.141265869141,316,294,2581,16.174877166748,588,2
100,16.3173322677612,67612.03125,-142.646255493164,352,273,2523,15.8166255950928,682,2
101,17.777624130249,66181.359375,-350.771789550781,117,329,2634,16.5993461608887,485,14
102,15.0583019256592,66519.2890625,62.3507232666016,524,230,2366,14.8378582000732,846,32
103,15.4076547622681,67399.05078125,0.518637478351593,485,261,2466,15.5563640594482,815,4
104,16.4267597198486,66543.9375,-146.39794921875,328,313,2552,16.2169895172119,681,9
105,16.9747943878174,68095.6875,-270.860015869141,257,306,2627,16.4050579071045,588,8
106,15.6096200942993,66587.64453125,-80.0432968139648,449,283,2525,15.9224004745483,741,9
107,16.5411529541016,67075.46875,-168.728164672852,318,285,2575,16.1407508850098,670,3
108,16.4740447998047,65886.140625,-193.088333129883,310,292,2574,16.1438236236572,646,3
109,16.5515422821045,67351.84375,-168.728164672852,318,285,2575,16.1407508850098,670,2
110,15.8398284912109,66030.0546875,-158.457611083984,397,288,2558,16.050313949585,674,12
111,16.6299648284912,68684.5703125,-82.3677673339844,323,291,2559,16.1237869262695,748,11
112,15.8651056289673,64516.0703125,-83.5951232910156,381,289,2534,16.0075092315674,743,9
113,14.026909828186,68124.2421875,62.4221115112305,696,290,2490,15.8130645751953,883,8
114,14.2667255401611,68904.94140625,74.9793930053711,665,285,2463,15.6591014862061,892,9
115,14.1692161560059,55022.7890625,-78.243278503418,421,280,2570,16.1087169647217,760,40
116,16.4575281143188,69086.921875,-162.63557434082,356,294,2623,16.3677806854248,691,9.5
117,16.3186092376709,67037.46875,-146.321075439453,343,293,2624,16.3683300018311,708,10
118,15.1286630630493,62664.078125,-42.7864189147949,465.5,264,2473,15.6091012954712,769,15
119,16.984302520752,64655.8359375,-323.732116699219,236,311,2627,16.3946342468262,526,6
120,15.2331981658936,67929.5625,63.2145042419434,523,242,2425,15.2836427688599,867,7
121,15.4133911132812,67311.25,-89.1194686889648,482,264,2535,15.9100923538208,745,16
122,13.7509107589722,53156.19140625,-31.1940536499023,549,273,2496,15.7439050674438,792,32
123,15.622784614563,65745.4453125,-45.0832748413086,433,277,2503,15.8054485321045,775,8
124,16.7891960144043,66396.96875,-157.974182128906,274,308,2581,16.3480052947998,679,10
125,15.8951444625854,58802.103515625,-150.348526000977,293.5,310,2571,16.3057270050049,684,30
126,15.974645614624,56554.359375,-157.974182128906,248,308,2581,16.3480052947998,679,37
127,16.8659715652466,69255.56640625,-112.703430175781,295.5,300,2557,16.1926250457764,720,11
128,16.2247886657715,63643.97265625,-133.717468261719,319,314,2571,16.2972927093506,705,11
129,16.6622562408447,65685.7734375,-146.607513427734,278.5,304,2573,16.2783088684082,692,3.5
130,16.8547115325928,64797.34765625,-167.887405395508,238.5,315,2591,16.3883571624756,675,19
131,16.3614416122437,65623.890625,-143.482574462891,327,314,2570,16.2834453582764,694,9
132,15.7192478179932,53735.6640625,-163.751007080078,247,316,2584,16.3529624938965,673,30
133,16.5547609329224,67280.87890625,-150.718597412109,314,314,2570,16.2834453582764,685,9.5
134,17.2937326431274,66772.60546875,-242.997344970703,214,330,2630,16.6611137390137,582,9
135,17.6441745758057,66927.546875,-366.815002441406,151.5,325,2638,16.5671100616455,483,6
136,18.0034255981445,65145.8828125,-327.293212890625,76,340,2644,16.7880840301514,518,4
137,17.8997030258179,66990.16796875,-330.818145751953,112.5,338,2641,16.7214660644531,504,6
138,17.8736209869385,67628.9140625,-318.186431884766,124,336,2646,16.7657718658447,522,6
139,17.6503448486328,67225.484375,-329.294128417969,151,339,2638,16.7421321868896,511,8
140,17.8829565048218,66486.0625,-337.487182617188,108,338,2623,16.6271095275879,501,6
141,16.2476272583008,69302.140625,-179.863296508789,386,268,2512,15.7460527420044,647,7
142,17.4875373840332,67330.328125,-331.437835693359,182,321,2630,16.5114116668701,516,6
143,17.4379787445068,67262.6640625,-328.798004150391,183,321,2631,16.5128498077393,520,6
144,15.788857460022,65547.765625,-62.0778694152832,408,251,2464,15.4403133392334,760,9
145,16.9658336639404,67222.84375,-213.33171081543,255,326,2608,16.5673713684082,611,9
146,16.0172920227051,68310.9609375,-73.0367050170898,409,256,2476,15.5236721038818,753,7
147,15.8791875839233,67925.890625,-59.8012199401855,422,253,2467,15.4769821166992,762,6
148,16.0012226104736,68151.5,-91.2534332275391,409,256,2483,15.5855188369751,729,4
149,16.0332698822021,65478.46875,-146.283157348633,368,272,2518,15.798659324646,679,6
150,15.9335632324219,67618.48828125,-112.161560058594,411,260,2504,15.6983699798584,721,5
151,16.3485279083252,64815.6171875,-106.313819885254,313,305,2573,16.2162246704102,723,9
152,13.0007295608521,51410.8515625,32.8618049621582,623,266,2376,15.2676992416382,818,45
153,14.8995132446289,62571.62890625,-84.702507019043,502,272,2547,15.9784994125366,750,16
154,15.9764757156372,68308.4453125,-57.6634941101074,422,280,2512,15.8456888198853,760,8
155,15.7201762199402,66180.15625,-66.911247253418,423,282,2528,15.9408655166626,757,6
156,15.4293279647827,64716.421875,-32.7957153320312,447,272,2498,15.7820997238159,788,8
157,15.0532116889954,66201.6171875,8.47594165802002,541.5,265,2446,15.4620904922485,809,25
158,13.9131765365601,59016.8515625,36.9493980407715,592,264,2391,15.2719850540161,825,27
159,16.9577646255493,67516.40625,-278.771057128906,260,314,2604,16.3526077270508,560,4
160,16.6583757400513,67559.44921875,-269.504119873047,305,308,2583,16.2316703796387,563,6
161,17.5282306671143,65873.1328125,-342.123199462891,156,318,2659,16.5747299194336,510,7
162,16.5274543762207,66900.7109375,-253.246368408203,315,298,2585,16.1887741088867,581,3
163,15.0611028671265,52768.09375,-214.849807739258,330,286,2598,16.2295398712158,628,41
164,15.8631715774536,64861.26953125,-57.9854927062988,399.5,264,2555,16.0036716461182,786,37.5
165,15.0292797088623,55005.8203125,-172.391220092773,379,270,2527,15.855523109436,651,31
166,14.8695802688599,58611.7890625,-190.014343261719,443,277,2526,15.904670715332,632,31
167,15.9875020980835,66794.640625,-73.3840942382812,392,285,2543,16.022834777832,754,9
168,17.8404865264893,65281.01953125,-374.387725830078,98,331,2640,16.6161651611328,466,7
169,16.4317302703857,67793.96875,-161.876022338867,332,294,2541,16.0238227844238,655,10
170,16.1711206436157,67311.890625,-155.018432617188,378,308,2540,16.1001415252686,650,11
171,16.5036239624023,59194.44140625,-343.144439697266,213.5,309,2639,16.4687690734863,515,28
172,16.3615827560425,64312.693359375,-263.455932617188,310.5,297,2598,16.2311935424805,576,7
173,16.4567041397095,65834.33984375,-255.337036132812,308,292,2593,16.2087516784668,581,10
174,16.8466939926147,67603.015625,-285.437225341797,277,299,2598,16.2311935424805,555,9
175,17.0589370727539,67819.6328125,-257.705535888672,260,300,2606,16.2762088775635,586,5
176,16.8941707611084,59627.33203125,-347.354064941406,166,308,2655,16.5436058044434,509,29
177,16.3679666519165,55934.30078125,-344.612274169922,177.5,308,2657,16.5541286468506,512,31
178,17.0986881256104,69175.34765625,-336.755737304688,263,308,2629,16.396411895752,516,10
179,15.2189803123474,52810.541015625,-201.139694213867,285,279,2590,16.1670799255371,654,43
180,15.6979455947876,61190.658203125,-172.814453125,345,276,2555,15.9890823364258,670,37
181,15.9894633293152,58351.4375,-206.259399414062,307,283,2599,16.2416019439697,651,38
182,15.3758268356323,68969.5390625,-12.1149406433105,513,268,2459,15.5731430053711,792,11
183,15.5259952545166,68037.03125,-4.95814895629883,479,265,2448,15.4799222946167,797,6
184,16.241189956665,64893.2578125,-123.51099395752,336,298,2559,16.13942527771,704,10
185,15.5198149681091,65952.4765625,-46.729305267334,450,276,2493,15.7573471069336,771,7
186,16.1137466430664,66262.9765625,-114.068244934082,359,303,2574,16.1918468475342,716,8
187,17.1163597106934,66327.8671875,-167.887405395508,219,317,2593,16.4140224456787,673,5
188,16.3542470932007,68111.08984375,-111.480186462402,353,305,2541,16.1640796661377,715,8
189,16.4677238464355,67943.0546875,-158.134628295898,338,289,2539,16.0058536529541,666,4
190,16.510799407959,69494.45703125,-94.3418579101562,355.5,303,2535,16.1203193664551,735,11
191,16.6514091491699,68090.34765625,-123.493392944336,316.5,314,2562,16.2576732635498,715,12
192,16.6199073791504,68704.2109375,-123.493392944336,323,314,2562,16.2576732635498,715,13
193,16.3729972839355,65713.04296875,-115.162628173828,318,314,2569,16.2902355194092,727,18
194,15.7732167243958,65008.001953125,-62.0004348754883,400,291,2511,15.9325017929077,777,9.5
195,17.3969326019287,68639.5390625,-254.259490966797,206,327,2624,16.6218433380127,568,14
196,18.0416059494019,67188.96875,-366.696594238281,100,329,2642,16.6155681610107,469,5
197,17.5897703170776,66768.19140625,-336.901885986328,154,326,2631,16.5677051544189,500,15
198,17.9599475860596,66865.90234375,-365.513427734375,101.5,331,2639,16.6131267547607,475,5
199,17.6797962188721,67391.75,-318.449340820312,153,324,2630,16.5531139373779,517,9
200,17.8382110595703,66599.51171875,-359.115539550781,116,329,2639,16.6090965270996,477,6
201,17.6959657669067,67010.0859375,-382.304595947266,143,321,2641,16.5587425231934,474,5
202,18.1178588867188,67840.78125,-364.723541259766,93,332,2641,16.6090965270996,473,6
203,17.5542488098145,66327.26953125,-372.354248046875,162,321,2640,16.5617179870605,484,6
204,17.1177453994751,66706.5703125,-334.191345214844,220,318,2627,16.4796123504639,519,8
205,17.5186805725098,65158.66796875,-367.192687988281,150,321,2641,16.5485877990723,489,5
206,17.8360033035278,66758.91015625,-381.428314208984,121,328,2646,16.6098403930664,469,4
207,17.8852787017822,67782.375,-383.752655029297,123,327,2646,16.6081047058105,469,8
208,17.5889377593994,67761.703125,-351.484832763672,170,322,2636,16.5424404144287,502,9
209,17.7910928726196,65690.31640625,-370.449584960938,113,330,2642,16.609712600708,473,7
210,15.5824074745178,66683.77734375,-146.043167114258,449,299,2521,15.9728012084961,665,7
211,17.8986434936523,66682.90625,-391.323150634766,110,331,2650,16.6327323913574,452,7
212,16.1793985366821,65648.0078125,-57.9854927062988,344,264,2555,16.0036716461182,786,15
213,15.0350770950317,65380.31640625,16.534704208374,512.5,257,2437,15.4144353866577,824,7
214,13.993350982666,57338.9609375,30.4741744995117,548,261,2423,15.3619136810303,824,30
215,13.2086801528931,52569.87109375,61.6268196105957,609,257,2356,15.1238222122192,846,32
216,14.3179173469543,48704.673828125,-62.7031288146973,390,290,2505,15.9365615844727,771,41
217,15.6999869346619,65186.1015625,-59.0648078918457,421.5,299,2499,15.9542837142944,770,11
218,16.7205677032471,66448.4453125,-130.637512207031,282,303,2564,16.2217960357666,709,12
219,16.3070068359375,63860.96484375,-152.489440917969,309,315,2577,16.3331642150879,689,15
220,16.9366493225098,66109.75,-214.779510498047,244,326,2608,16.571081161499,615,10
221,17.1591558456421,67432.80859375,-238.36198425293,225,328,2623,16.6148719787598,582,8
222,16.5061950683594,66804.0703125,-157.192337036133,315,319,2566,16.304443359375,667,5
223,17.1092472076416,66060.34375,-235.318328857422,218,329,2606,16.5387649536133,591,10
224,17.02561378479,64546.828125,-251.435134887695,213,328,2607,16.5348663330078,571,12.5
225,14.6818337440491,52721.27734375,-177.727081298828,377.5,272,2584,16.1276149749756,652,38
226,16.9777584075928,67613.27734375,-253.429489135742,257,301,2623,16.3671627044678,592,7
227,16.4281234741211,65794.46875,-232.064544677734,316,291,2588,16.1828365325928,604,8
228,14.74485206604,53109.9296875,-197.243179321289,401,280,2546,15.959300994873,627,34
229,15.0772533416748,50697.8046875,-193.730514526367,315,279,2587,16.1443653106689,657,43
230,15.8434438705444,68242.9609375,-127.377838134766,433,255,2470,15.4400978088379,680,9
231,16.5765686035156,66535.84765625,-204.65007019043,304,282,2552,15.9967641830444,632,4.5
232,14.7104797363281,62427.83203125,14.3212871551514,522,259,2454,15.5005083084106,827,27
233,14.358570098877,52112.189453125,-42.1875457763672,437,263,2516,15.7946195602417,790,40.5
234,13.3326382637024,65126.283203125,32.8618049621582,742.5,266,2376,15.2676992416382,818,38
235,14.7365350723267,54098.796875,-59.0754089355469,414,267,2523,15.8642139434814,771,27
236,14.5745420455933,53490.23046875,-57.5176849365234,428,274,2544,15.9690217971802,778,30
237,14.8712282180786,59544.287109375,-61.4272842407227,457.5,281,2527,15.9434480667114,765,22
238,15.630054473877,69203.50390625,-47.1946830749512,480,264,2481,15.6612157821655,767,10
239,15.7346968650818,67705.39453125,-66.8489456176758,441,281,2503,15.8346462249756,746,7
240,15.4644999504089,65994.48046875,-61.4272842407227,460,281,2527,15.9434480667114,765,9
241,15.5334177017212,65329.0546875,-26.8001403808594,440,263,2500,15.7065572738647,796,8
242,15.8903388977051,69840.8046875,-1.73057734966278,447,264,2457,15.573618888855,817,8
243,15.1559209823608,61590.06640625,7.77748775482178,448,258,2437,15.4407682418823,819,11
244,15.1604280471802,59475.1796875,-207.187103271484,407,288,2577,16.1364574432373,634,32
245,16.4075145721436,67552.4765625,-207.187103271484,339,293,2601,16.2588329315186,642,11.5
246,16.122709274292,66063.2890625,-139.259338378906,362,277,2559,16.0299415588379,695,10
247,15.822961807251,59945.09765625,-184.480453491211,326,293,2601,16.2588329315186,661,23
248,15.9093308448792,66139.8984375,-74.255485534668,404,296,2539,16.0708808898926,751,16
249,16.5124530792236,68138.1796875,-74.255485534668,327,296,2539,16.0708808898926,751,15
250,16.8166913986206,69222.6171875,-101.550926208496,301,301,2561,16.2205905914307,733,12.5
251,16.6337194442749,61974.052734375,-175.58821105957,233,318,2597,16.4378051757812,670,13
252,16.2834758758545,66932.23828125,-88.0362319946289,350,298,2544,16.0845909118652,746,6
253,16.5640754699707,66323.4921875,-179.053604125977,302,321,2575,16.3723258972168,645,6
254,13.2659692764282,68111.921875,135.135711669922,807,249,2328,14.8713989257812,927,4
255,15.5685129165649,68788.375,-60.6604919433594,492,268,2470,15.5683403015137,746,16
256,14.6652212142944,54913.17578125,-60.6604919433594,424,269,2475,15.6025629043579,746,37
257,15.5093355178833,65632.1484375,-72.8949737548828,446,269,2471,15.5681142807007,734,10.5
258,15.1659832000732,59261.99609375,-105.048385620117,418,280,2510,15.8149833679199,714,24
259,15.6971745491028,67021.47265625,-97.4920425415039,438,282,2506,15.8086500167847,721,7
260,15.0731716156006,57351.70703125,-53.3723487854004,409,272,2478,15.6299228668213,754,23
261,16.0683498382568,64477.15234375,-127.474822998047,350,304,2559,16.1423473358154,699,10
262,14.2071290016174,68388.18359375,58.8595275878906,671.5,272,2440,15.5600929260254,864,12.5
263,15.7383980751038,58526.02734375,-126.748542785645,315,303,2578,16.1988658905029,704,20
264,13.7571802139282,56819.06640625,18.253080368042,584,283,2484,15.7880640029907,840,37
265,16.3778095245361,67308.7109375,-150.256362915039,341,285,2531,15.9596433639526,672,2
266,16.6652526855469,66899.75,-133.180130004883,289,291,2551,16.1249561309814,686,7
267,16.2795276641846,65943.359375,-126.748542785645,337,303,2580,16.2030830383301,704,5
268,16.7988986968994,67923.515625,-111.96142578125,290,298,2570,16.2065162658691,721,8
269,16.2568092346191,66657.828125,-139.60546875,349,281,2522,15.907205581665,681,2
270,16.2643489837646,67003.140625,-122.951354980469,355,281,2523,15.909478187561,698,3
271,15.0472779273987,62513.3203125,11.8953742980957,473,264,2463,15.5382423400879,821,12
272,16.9276943206787,67097.2734375,-427.385772705078,257,319,2644,16.5277290344238,441,15
273,14.944477558136,68248.85546875,31.4221305847168,563.5,247,2414,15.2698307037354,832,9.5
274,14.0976905822754,57475.68359375,74.6227722167969,540,241,2415,15.2326421737671,875,26
275,14.7611422538757,51602.078125,-83.7937545776367,366.5,289,2545,16.045862197876,742,34
276,13.5678396224976,66637.109375,78.6203460693359,738.5,256.5,2352,15.0999412536621,861,15
277,15.3764419555664,59926.015625,-89.1194686889648,395,264,2535,15.9100923538208,745,43
278,16.4229021072388,66931.80859375,-104.472099304199,330,301,2549,16.138801574707,727,7
279,14.6616096496582,66563.75,21.0014801025391,584,261,2423,15.3619136810303,818,9
280,17.4417190551758,66608.5078125,-342.142059326172,173,309,2652,16.5432720184326,521,4
281,16.5844469070435,67524.98046875,-183.660018920898,312,305,2558,16.1682739257812,625,6
282,16.9449844360352,69140.75,-205.794326782227,282,326,2617,16.5917053222656,624,14
283,17.1096248626709,66826.046875,-255.823715209961,227,330,2620,16.6095199584961,559,9
284,16.4968147277832,66017.375,-181.357513427734,309,321,2575,16.3723258972168,637,9
285,16.1845932006836,69769.015625,-95.8014831542969,409,272,2486,15.6740207672119,723,13
286,14.9623064994812,64708.65625,-120.723457336426,524.5,273,2486,15.6740207672119,693,12.5
287,15.4336705207825,67395.328125,-120.723457336426,471,270,2475,15.619873046875,687,13
288,14.4384498596191,56434.765625,-19.9469051361084,480,269,2474,15.6341314315796,791,27
289,14.0955810546875,49801.638671875,-116.990997314453,442.5,270,2521,15.8186283111572,702,35
290,14.5296821594238,56660.478515625,-105.673522949219,473.5,272,2502,15.7639131546021,705,31.5
291,16.5468063354492,67245.8046875,-155.074356079102,316,281,2548,15.9842987060547,673,4
292,16.5297412872314,67896.5546875,-195.33918762207,321,301,2549,16.104585647583,623,9
293,17.8030071258545,67063.9375,-434.415405273438,128,322,2666,16.6335563659668,425,4
294,17.863862991333,68365.77734375,-386.604888916016,131,321,2660,16.5942897796631,468,11
295,13.764084815979,65409.48828125,68.2234191894531,697,277,2444,15.5487108230591,879,14
296,15.194878578186,65899.15625,-9.00793552398682,491,261,2462,15.5404081344604,804,17
297,15.3227481842041,66965.8203125,-9.00793552398682,499,261,2462,15.5404081344604,804,10
298,15.9266672134399,68585.6796875,-64.2919464111328,422,275,2532,15.8937959671021,765,7
299,15.385817527771,65515.78125,-27.4160327911377,464,263,2476,15.6127853393555,790,5
300,16.6444664001465,66585.1171875,-231.999404907227,292,301,2556,16.1289119720459,593,18
301,17.3888244628906,68602.5390625,-210.700759887695,210.5,304,2586,16.3028297424316,617,14
302,15.3681025505066,68135.87890625,29.6994247436523,508.5,246,2443,15.4047527313232,840,8.5
303,15.5332016944885,62220.29296875,-84.8923034667969,396,269,2570,16.08251953125,755,39
304,16.2070255279541,65605.8671875,-166.797012329102,344,286,2549,16.0259246826172,662,4
305,16.0229320526123,68134.40625,7.33765316009521,405,284,2475,15.7258472442627,818,6
306,13.2492666244507,69244.7109375,135.135711669922,827,249,2328,14.8713989257812,927,14
307,15.57013463974,68788.33203125,12.9570932388306,482,278,2465,15.6614952087402,820,9.5
308,16.2608547210693,66342.49609375,-107.621513366699,343,282,2522,15.9121360778809,712,6
309,16.4243049621582,69648.4140625,-109.289779663086,369,280,2515,15.8516006469727,710,11
310,15.0624008178711,71978.90625,14.2814474105835,594,264,2407,15.3117599487305,805,13
311,15.5916728973389,59162.41015625,-79.2829742431641,339.5,299,2545,16.1211700439453,748,32
312,15.6403942108154,68212.50390625,-20.0988178253174,460,269,2463,15.5684881210327,785,10
313,14.6772718429565,53640.00390625,-97.4920425415039,405,282,2506,15.8086500167847,721,28
314,15.8665399551392,67340.6640625,-72.6293716430664,406,279,2543,15.981372833252,758,6
315,14.885046005249,66590.1953125,-22.1380367279053,548,263,2449,15.5064878463745,785,9
316,14.751148223877,56980.05078125,-64.5242919921875,425,264,2516,15.8149175643921,759,31
317,16.241138458252,68590.7421875,-99.2620315551758,379,274,2538,15.9330167770386,730,8
318,15.4336967468262,68323.9296875,-83.1313171386719,492,271,2489,15.7048664093018,726,8
319,15.4884033203125,68147.9609375,-19.9469051361084,484,269,2474,15.6341314315796,791,8
320,15.3407850265503,64297.55078125,-53.158863067627,452,282,2512,15.8917818069458,771,9
321,16.7415714263916,67606.21875,-347.700439453125,295,311,2587,16.2611885070801,496,7
322,16.6501045227051,66960.9609375,-223.720855712891,296,290,2594,16.215690612793,622,10
323,16.2494535446167,68762.90234375,-134.513107299805,381,266,2508,15.7275390625,695,9
324,16.225757598877,65944.97265625,-114.068244934082,346,303,2574,16.1918468475342,716,6
325,16.3843822479248,66419.1640625,-163.573013305664,330,290,2545,16.0449810028076,663,3
326,15.5427846908569,64200.078125,-95.0497131347656,438,295,2535,16.0122509002686,726,11
327,15.6011300086975,61294.962890625,-163.519058227539,383,271,2540,15.9071617126465,675,25
328,16.0572872161865,65944.328125,-194.084075927734,367.5,281,2577,16.118127822876,654,10
329,15.5226755142212,64413.05078125,-129.146545410156,429,302,2523,15.9857196807861,670,11
330,14.1980361938477,56551.01171875,27.7295951843262,532,262,2460,15.5792789459229,828,33
331,17.2912616729736,66985.0390625,-328.871032714844,203,307,2629,16.3998584747314,525,5
332,17.1285724639893,69148.0546875,-263.455932617188,252,297,2598,16.2311935424805,576,9
333,16.3913221359253,67191.6953125,-161.034591674805,343,276,2558,16.0429172515869,669,9.5
334,16.503833770752,68119.7265625,-185.241836547852,332,280,2571,16.0976409912109,644,7
335,16.9662094116211,65940.984375,-298.974365234375,234,309,2639,16.4650135040283,563,8
336,16.2116394042969,68964.92578125,-94.4674835205078,395.5,260,2488,15.5982723236084,734,9.5
337,15.4338045120239,65436.263671875,-88.877571105957,456,253,2463,15.4424448013306,734,9
338,15.4744968414307,72154.71875,15.581561088562,546,230,2367,14.8435535430908,810,30
339,16.4048957824707,70661.5,-29.7903785705566,392,254,2496,15.6491556167603,797,27
340,15.9584932327271,68137.0078125,-31.2934150695801,407,254,2496,15.6491556167603,793,33
341,15.9441146850586,72538.265625,-31.2249183654785,477,249,2462,15.4728002548218,786,31.5
342,14.5335874557495,63651.0390625,15.581561088562,566,230,2367,14.8435535430908,810,16.5
343,14.9869065284729,57569.43359375,-82.4549179077148,423,287,2552,16.0575008392334,746,25
344,15.5015420913696,66208.609375,-66.8489456176758,460,281,2494,15.7921199798584,746,8
345,15.9388313293457,68825.53125,-88.877571105957,424,253,2462,15.4320945739746,731,9
346,15.2914609909058,62017.7421875,-66.9336853027344,437,249,2463,15.4424448013306,754,26
347,15.4173927307129,56080.03515625,-144.590744018555,335,272,2540,15.8891630172729,690,42
348,17.6380987167358,65775.765625,-333.296325683594,136.5,332,2640,16.6568012237549,498,7.5
349,17.8276805877686,67756.1328125,-311.284027099609,138,331,2633,16.6119289398193,511,7
350,15.6736187934875,65529.650390625,-148.379119873047,424,303,2519,15.9755439758301,650,9
351,16.4822683334351,67695.49609375,-191.960571289062,328,307,2548,16.156810760498,604,10
352,16.8513450622559,67300.17578125,-237.742294311523,271,309,2593,16.3726348876953,584,8
353,16.5527572631836,64849.67578125,-212.787612915039,289,305,2580,16.2924919128418,600,12
354,17.6377964019775,67711.8984375,-297.434356689453,166,323,2627,16.5186080932617,537,12
355,17.5658798217773,66983.2109375,-339.841735839844,159,325,2636,16.5596466064453,508,8
356,16.6454830169678,59941.6328125,-282.339569091797,196.5,306,2627,16.3957862854004,564,33
357,16.6544857025146,66711.609375,-232.724227905273,294,289,2586,16.1616287231445,601,6
358,16.2024745941162,64911.8125,-200.511657714844,336,288,2588,16.1846961975098,642,8
359,15.6926736831665,67499.74609375,-90.5012054443359,442,250,2450,15.3494567871094,723,9
360,16.1112308502197,66995.53515625,-99.6002731323242,378,260,2495,15.652660369873,729,15
361,15.4984397888184,68315.1015625,2.58130216598511,487,238,2403,15.0813884735107,809,8
362,15.8656167984009,63648.462890625,-241.204162597656,367.5,287,2539,15.9707803726196,584,12
363,16.4555549621582,68271.7890625,-259.868225097656,342,295,2565,16.1176853179932,573,8
364,16.5198421478271,66902.890625,-306.434600830078,313,311,2600,16.321475982666,536,10
365,14.7143921852112,63474.22265625,-188.995498657227,526.5,261,2438,15.3753528594971,623,16.5
366,16.0672264099121,63361.03515625,-232.157745361328,338,294,2608,16.3099403381348,627,14
367,15.6833772659302,67608.53125,-181.186248779297,448,273,2521,15.7932977676392,647,11
368,15.3342471122742,64942.53125,-199.980453491211,461,282,2548,15.9644737243652,637,12
369,15.5566267967224,59845.88671875,-194.084075927734,324,281,2577,16.118127822876,654,43
370,16.1257228851318,65511.99609375,-223.237380981445,357,299,2596,16.2421379089355,632,10
371,16.8527889251709,65662.4453125,-98.7250595092773,254,300,2558,16.1904563903809,729,4
372,16.7200832366943,65491.49609375,-111.96142578125,268,298,2570,16.2065162658691,721,2
373,16.4435482025146,67381.703125,-176.695388793945,333,287,2620,16.3297691345215,676,3
374,16.4047164916992,69388.625,-163.519058227539,365,271,2540,15.9071617126465,675,11
375,14.3924379348755,53065.78125,-102.4794921875,437,284,2595,16.2350292205811,743,40
376,13.7407150268555,51824.8984375,18.933443069458,474.5,253,2380,15.216817855835,809,43
377,15.8116235733032,59196.0234375,-166.167724609375,323,277,2580,16.1003437042236,684,45
378,15.0889253616333,53193.72265625,-166.167724609375,326,277,2580,16.1003437042236,684,49
379,16.6288824081421,68409.1875,-260.708587646484,320,295,2582,16.1785984039307,583,5
380,14.8361897468567,63201.33203125,25.4511966705322,511.5,261,2440,15.4626150131226,828,11
381,15.3476977348328,66812.15234375,25.2131652832031,487,252,2442,15.4026136398315,835,9
382,14.6312489509583,54196.578125,-98.5092697143555,412,271,2489,15.6313285827637,729,36
383,16.3606843948364,66838.2890625,-177.452667236328,339,296,2631,16.4097290039062,678,10
384,15.6944818496704,67259.0625,-84.8923034667969,441,269,2570,16.08251953125,755,9
385,16.1391925811768,63383.9921875,-94.7469787597656,324,299,2551,16.1116313934326,730,8
386,15.6234426498413,68325.9609375,-62.6012077331543,474,283,2524,15.9485530853271,763,11
387,16.4673252105713,67551.19921875,-96.3810043334961,334,301,2557,16.1329250335693,729,7
388,16.5853481292725,67961.0859375,-94.3972320556641,319,300,2561,16.1404628753662,734,8
389,16.3115520477295,68390.0078125,-94.3972320556641,366.5,300,2561,16.1404628753662,734,8
390,15.8857336044312,64108.25,-86.4750061035156,378,293,2538,16.0348453521729,738,9
391,15.1867904663086,55984.7890625,-126.489624023438,360,291,2618,16.3345317840576,728,31
392,16.0348615646362,66830.6640625,-157.070892333984,388,278,2596,16.2194728851318,691,10
393,15.9819660186768,67899.8984375,-46.5243263244629,410,251,2466,15.4451475143433,767,9
394,16.0379333496094,68300.84375,-86.1932144165039,407,263,2539,15.9028482437134,751,10
395,14.2913608551025,49868.59765625,-131.592926025391,417,252,2448,15.3834857940674,665,38
396,16.3607215881348,68479.609375,-165.559829711914,360,281,2550,15.9694881439209,666,6
397,15.4885349273682,55663.7734375,-189.03498840332,322,274,2570,16.0401916503906,642,30
398,15.0113263130188,55027.99609375,-150.800140380859,379.5,271,2559,16.0045909881592,676,34
399,12.9228382110596,66492.3984375,93.0454330444336,838,249,2337,14.8938159942627,885,16
400,15.9450168609619,65350.30078125,-95.7211151123047,384,300,2541,16.0802612304688,727,9
401,14.7015209197998,52823.10546875,-158.568634033203,386,270,2520,15.7928524017334,660,37
402,16.4399042129517,68000.08203125,-146.603225708008,344,283,2532,15.9512929916382,677,4
403,13.8630876541138,67249.015625,45.6124076843262,706,255,2346,15.0510911941528,825,16
404,16.1075773239136,67605.44140625,-158.383697509766,390,271,2537,15.913948059082,659,9
405,16.0375804901123,59107.6328125,-235.562881469727,279.5,289,2591,16.1925487518311,603,29
406,14.5441102981567,69613.4921875,94.6159286499023,641.5,269,2436,15.5086355209351,906,10
407,14.0418939590454,69838.64453125,114.243240356445,709,253,2357,15.0508613586426,912,8
408,13.8936805725098,66971.390625,107.405990600586,710,267,2439,15.4838581085205,919,14
409,15.4717540740967,68168.984375,1.50120103359222,484,270,2450,15.5507211685181,803,10
410,16.1427516937256,67961.9609375,-44.6326522827148,387,281,2503,15.8286800384521,772,6
411,15.0846014022827,68189.6328125,-9.99178886413574,545,268,2448,15.4824600219727,791,8
412,15.5947542190552,60557.0703125,-158.457611083984,363,288,2558,16.050313949585,674,26
413,15.27405834198,64015.138671875,-105.048385620117,463.5,280,2510,15.8149833679199,714,18
414,15.2169065475464,67117.4296875,57.3837547302246,523,284,2421,15.5354881286621,859,29
415,15.9728636741638,68360.265625,-92.4461898803711,415,275,2518,15.8314723968506,727,11
416,15.7500019073486,71559.765625,-40.2279052734375,491,269,2446,15.4830780029297,761,29
417,15.7198638916016,69159.7109375,-11.9652614593506,462,261,2463.5,15.5427575111389,801,8
418,15.4644637107849,65655.8046875,-12.6056489944458,452,263,2473,15.5978183746338,803,9.5
419,15.1896071434021,66518.234375,37.8567543029785,507.5,246,2441,15.3944807052612,849,7
420,14.5286359786987,68549.109375,39.2259368896484,634,258,2371,15.1481256484985,823,11
421,14.8421492576599,68258.453125,36.9493980407715,584.5,264,2391,15.2719850540161,825,9.5
422,15.2419204711914,67866.2109375,15.2825012207031,518,265,2432,15.4323539733887,811,9
423,16.7448244094849,68732.6484375,-183.760757446289,308,287,2564,16.0952587127686,653,5.5
424,15.6311664581299,67037.31640625,-32.7858238220215,446,262,2495,15.6945610046387,793,7
425,14.9699831008911,68663.3203125,42.7131271362305,565,241,2426,15.2792310714722,846,8
426,13.6403141021729,66690.515625,107.730964660645,738,265,2427,15.4056959152222,914,18.5
427,15.9594688415527,67640.2265625,-84.065788269043,406,280,2510,15.8156356811523,734,9
428,16.2709913253784,67675.70703125,-105.183860778809,362,281,2520,15.8698558807373,719,4
429,16.6300764083862,67480.09765625,-153.820327758789,308,308,2571,16.2992115020752,681,12
430,17.0527114868164,65492.4375,-101.550926208496,220,301,2561,16.2205905914307,733,10
431,17.0436820983887,65214.583984375,-136.249282836914,216,305.5,2580,16.3133583068848,702,4
432,17.0471277236938,65081.294921875,-166.187728881836,214,317,2593,16.4140224456787,676,3.5
433,15.2384386062622,51568.91796875,-136.343292236328,280,313,2573,16.3214626312256,706,36
434,16.8271398544312,63848.478515625,-153.973083496094,230,308,2582,16.3390731811523,690,11
435,17.975305557251,66536.875,-445.815155029297,100,324,2663,16.6163444519043,411,4
436,17.7764959335327,69075.43359375,-480.431488037109,165,320,2652,16.5512657165527,382,10
437,17.4603519439697,68104.15625,-473.386535644531,190,319,2649,16.5399589538574,390,9
438,17.7270412445068,65772.9296875,-472.437957763672,122.5,318,2661,16.582160949707,385,4
439,16.7734003067017,67952.03515625,-410.5908203125,286,314,2611,16.3790416717529,446,12
440,17.8943424224854,67523.640625,-453.640106201172,120,321,2657,16.5793209075928,401,6
441,16.9273223876953,67463.86328125,-368.163269042969,262,318,2640,16.4977264404297,499,4
442,17.781587600708,67070.4765625,-453.748870849609,135,318,2655,16.5761871337891,404,6
443,16.48024559021,66671.828125,-106.585655212402,312,304,2553,16.1241989135742,720,9
444,12.0157012939453,42398.78125,41.7011108398438,662,286,2463,15.7221031188965,857,51
445,15.4377918243408,66290.82421875,80.5415802001953,465,267,2483,15.7395715713501,895,8
446,14.8507480621338,68095.6171875,73.8090057373047,577,283,2462,15.6937704086304,884,8
447,16.68235206604,65598.40625,-106.691581726074,276,298,2570,16.2065162658691,726,8
448,13.0323362350464,56633.9609375,102.706123352051,690,275,2446,15.5411605834961,918,31
449,16.8894853591919,63582.15625,-246.627090454102,216,332,2649,16.7800006866455,605,14
450,16.7213306427002,65043.859375,-136.343292236328,263,313,2573,16.3214626312256,706,10
451,16.674524307251,68351.3359375,-136.343292236328,317.5,313,2573,16.3214626312256,706,19.5
452,15.8789043426514,68566.5546875,-33.5498504638672,436,286,2485,15.7983875274658,806,16
453,15.8435349464417,66962.12109375,-70.7753524780273,415,292,2512,15.964732170105,765,18
454,16.4490261077881,68392.6171875,-85.4252090454102,346,295,2544,16.1440238952637,755,14
455,16.0867233276367,66420.59375,-62.0004348754883,371,291,2511,15.9325017929077,777,13
456,14.4520444869995,64737.93359375,-84.1990661621094,594,300,2498,15.9402904510498,728,20
457,16.3529376983643,68961.6015625,-70.7601699829102,366,291,2515,15.9684944152832,767,20
458,15.80016040802,67905.375,-70.7601699829102,441,291,2515,15.9684944152832,767,23
459,16.0258846282959,63389.142578125,-126.75952911377,339,297,2542,16.1016807556152,718,16.5
460,15.8562812805176,65075,-86.5953674316406,392,293,2532,16.0661468505859,751,23
461,16.970157623291,65572.4296875,-252.601486206055,238,318,2598,16.4420909881592,563,13
462,16.5930042266846,70894.66015625,-75.0708160400391,357.5,292,2527,16.0337524414062,764,24
463,16.1756935119629,64089.70703125,-238.401336669922,316,314,2577,16.3386878967285,561,11
464,17.2447834014893,67145.3671875,-279.065704345703,210,326,2614,16.5453720092773,525,15
465,16.9872970581055,66511.2890625,-264.501800537109,250,321,2596,16.4335556030273,537,10
466,16.8469142913818,67815.1796875,-149.068664550781,268,313,2576,16.3250904083252,677,10
467,17.2254676818848,66776.66796875,-291.3330078125,209,332,2629,16.6586360931396,528,12
468,17.1276397705078,66723.7890625,-242.963134765625,226,326,2614,16.5859928131104,584,8
469,17.1878814697266,66331.1328125,-254.259490966797,210,327,2624,16.6218433380127,570,12
470,16.838680267334,64187.244140625,-277.719146728516,235,333,2635,16.6980686187744,552,19.5
471,17.5371656417847,64841.07421875,-324.256408691406,137,334,2642,16.6843338012695,503,14
472,16.4764432907104,64729.44140625,-242.517059326172,286.5,324,2617,16.6036243438721,596,17
473,17.5589914321899,66347.5546875,-289.056213378906,155,332,2636,16.6780681610107,522,11
474,17.238151550293,66368.7421875,-284.452789306641,202,331,2624,16.6091041564941,526,10
475,16.9456310272217,64866.8203125,-271.935424804688,228,330,2620,16.6134128570557,533,8
476,17.1481647491455,66140.3515625,-268.856811523438,216,325,2611,16.5403366088867,536,14
477,17.2679309844971,67439.7109375,-264.800567626953,217,333,2633,16.6892509460449,558,9
478,17.388599395752,66182.015625,-317.948089599609,172,333,2640.5,16.6777505874634,511,13
479,17.2281732559204,66514.3125,-246.724136352539,207,332,2641,16.7156848907471,583,5
480,17.1779499053955,66016.0703125,-261.324737548828,204,336,2651,16.8087482452393,594,10
481,17.2872896194458,66315.0390625,-292.193298339844,191,329,2625,16.5844898223877,521,12
482,17.420316696167,66183.8203125,-303.137939453125,174,332,2630,16.6111869812012,515,14
483,16.5912885665894,66985.359375,-245.63395690918,304,324,2613,16.5725708007812,582,14.5
484,17.3133544921875,64948.740234375,-303.137939453125,169.5,332,2630,16.6111869812012,515,11
485,17.7398166656494,66009.9375,-339.512969970703,128,328,2633,16.5804882049561,498,12
486,17.1478157043457,61195.55078125,-297.324645996094,151,319,2624,16.4982986450195,534,15
487,16.8535614013672,66632.78125,-189.436813354492,258,296,2574,16.3089218139648,643,8
488,16.2399463653564,63960.73046875,-158.994903564453,329,294,2546,16.0746822357178,658,13
489,16.386287689209,66841.0234375,-139.560836791992,337,289,2532,15.9725685119629,678,3
490,16.3862466812134,67083.06640625,-139.560836791992,336.5,289,2532,15.9725685119629,678,1.5
491,16.7516670227051,68038.9296875,-271.271057128906,297,305,2584,16.2710132598877,567,6
492,18.0695266723633,68419.5703125,-368.34033203125,109,331,2639,16.6156482696533,472,9
493,18.1240301132202,67132.93359375,-387.568420410156,84,331,2648,16.6465740203857,452,4
494,17.8801422119141,65912.6796875,-366.125030517578,103,330,2641,16.6215534210205,471,4
495,16.2939319610596,67307.34375,-135.975494384766,354,289,2530,15.9585113525391,682,2
496,17.604887008667,68558.3984375,-348.810180664062,177,318,2624,16.4674167633057,503,6
497,17.7936973571777,65038.57421875,-399.393737792969,105,326,2651,16.6212997436523,455,6
498,17.9732894897461,66811.0078125,-399.393737792969,103,326,2651,16.6212997436523,455,5
499,17.7421340942383,65994.9765625,-383.752655029297,125,326,2646,16.6081047058105,469,7
500,17.788272857666,67174.96875,-373.277130126953,133,322,2641,16.565221786499,483,3
501,16.1193008422852,57989.10546875,-169.858139038086,257,294,2543,16.0238227844238,641,26
502,17.1964206695557,66931.5546875,-327.287567138672,215,316,2617,16.438440322876,522,7
503,17.3364105224609,67623.59375,-327.287567138672,207,316,2617,16.438440322876,522,7
504,15.3091173171997,59047.0078125,-148.116912841797,397,292,2526,15.982889175415,664,29
505,15.5281991958618,65840.1328125,-162.696472167969,451,300,2529,16.0116157531738,648,9
506,16.2207736968994,65357.1953125,-134.948257446289,340,297,2529,15.9954595565796,668,7
507,16.246603012085,64168.62890625,-171.87516784668,319,304,2569,16.2122669219971,643,9
508,15.9005966186523,66156.2890625,-212.798645019531,403,315,2545,16.1711845397949,580,11
509,18.103099822998,68362.5859375,-370.449584960938,101,332,2642,16.609712600708,473,6
510,17.169397354126,67624.2265625,-281.899566650391,233,310,2610,16.3982563018799,557,10
511,16.8961544036865,65528.1484375,-241.122497558594,242,305,2599,16.3518447875977,592,11
512,17.782054901123,67848.7890625,-372.354248046875,143,321,2640,16.5617179870605,483,8
513,17.5610427856445,67164.5859375,-355.992218017578,168,320,2635,16.5324096679688,501,7
514,16.7237071990967,65628.59765625,-301.780639648438,271,308,2608,16.3872852325439,544,6
515,15.9799785614014,66837.75,-197.27961730957,394,304,2529,16.0171432495117,622,10
516,17.1904220581055,66865.37109375,-301.3330078125,215,316,2616,16.430908203125,544,11
517,18.1131763458252,67641.5625,-350.858642578125,91,335,2642,16.6685428619385,488,12
518,17.5532836914062,65139.5625,-324.753662109375,136,330,2629,16.5834674835205,505,7
519,17.3624095916748,65871.0703125,-315.470184326172,180,327,2628,16.5622215270996,517,13
520,16.3849773406982,57139.10546875,-235.159484863281,229,311,2590,16.3684005737305,580,27
521,17.6328659057617,67811.0078125,-316.676879882812,163,325,2626,16.5420989990234,517,6.5
522,17.6323766708374,68523.03515625,-316.676879882812,169,325,2626,16.5420989990234,517,10
523,17.0276403427124,64975.205078125,-254.600021362305,231,314,2596,16.4069671630859,562,13
524,18.1868305206299,69940.5078125,-333.296325683594,112,334,2640,16.6568012237549,498,10
525,17.5954675674438,63966.119140625,-335.340728759766,119,334,2640,16.6631641387939,496,15.5
526,17.5291843414307,66711.875,-317.17578125,162,333,2638,16.6908588409424,514,8
527,17.4278259277344,65969.1953125,-298.022216796875,177,333,2646,16.7427730560303,534,14
528,17.7558965682983,66824.10546875,-338.943115234375,130,336,2636,16.6933059692383,496,4
529,17.4079256057739,65476.87890625,-313.579803466797,168.5,336,2639,16.7202186584473,519,9.5
530,18.2058010101318,66229.3203125,-321.957489013672,64,339,2611,16.5732173919678,520,8
531,18.0675048828125,65658.1171875,-329.013824462891,72,338,2617,16.5944576263428,508,4
532,17.804573059082,65435.8125,-337.459350585938,110,338,2644,16.7424964904785,500,8
533,17.66383934021,65789.859375,-335.758056640625,132,340,2638,16.7403221130371,504,5
534,17.8730888366699,66617.9765625,-328.186584472656,111,340,2624,16.6432991027832,508,4
535,17.6842517852783,64653.84765625,-331.245239257812,116,340,2636,16.7321128845215,508,6
536,18.0876436233521,66806.64453125,-304.844146728516,85,340,2655,16.8614864349365,548,7
537,17.700756072998,64909.513671875,-331.518432617188,114,338,2642,16.7560539245605,508,7.5
538,17.2760925292969,58326.7578125,-293.401702880859,89,341,2660,16.8693618774414,562,23
539,17.7000932693481,67000.48046875,-274.813934326172,139,340,2653,16.8521194458008,579,10
540,17.8601760864258,66276.4296875,-345.955078125,109,339,2634,16.6800727844238,498,8
541,17.9011745452881,66213.359375,-321.737670898438,104,340,2624,16.6474056243896,520,4
542,17.8774938583374,65657.7265625,-324.513488769531,98,340,2620,16.6216716766357,515,5
543,17.7750091552734,65929.15625,-326.790924072266,110,339,2631,16.6857318878174,512,6
544,17.8885145187378,65622.673828125,-324.552215576172,97,340,2622,16.6389293670654,514,6
545,18.1125345230103,67955.71875,-325.444488525391,94.5,338,2614,16.5761489868164,512,9
546,17.7940759658813,65566.69921875,-349.183013916016,106,337,2628,16.6256675720215,495,4
547,17.7419624328613,65638.203125,-322.726379394531,117,340,2632,16.7065906524658,516,5
548,17.7519617080688,65852.12890625,-317.537109375,120,340,2649,16.8013896942139,533,5
549,17.4898281097412,66452.7421875,-304.570678710938,164,337,2645,16.7732124328613,539,5
550,17.6016626358032,64485.201171875,-316.291534423828,123,340,2662,16.8768863677979,538,5.5
551,16.755895614624,66485.078125,-201.86491394043,276,321,2586,16.4421825408936,633,7
552,15.1623125076294,67664.625,63.2145042419434,530,242,2425,15.2836427688599,867,8
553,15.805477142334,66954.40234375,-93.9853515625,418,305,2512,16.0533142089844,737,8
554,16.3091011047363,67622.8359375,-124.118019104004,358,307,2539,16.1533679962158,708,11
555,14.6735649108887,46239.029296875,-118.041847229004,328.5,300,2543,16.1365547180176,719,55
556,16.5900259017944,66607.15625,-168.048690795898,300,319,2579,16.3856029510498,667,7.5
557,16.6035251617432,67241.0859375,-199.020462036133,300,324,2601,16.5190601348877,646,10
558,16.7974042892456,67173.14453125,-284.969268798828,280,311,2602,16.3140640258789,553,9
559,17.2941617965698,66188.41015625,-324.171508789062,200.5,308,2631,16.4206809997559,529,7
560,17.2064580917358,60202.033203125,-359.839172363281,127.5,322,2664,16.6241664886475,497,14
561,16.552131652832,65401.71875,-314.492919921875,288,308,2596,16.2786350250244,532,7
562,17.2378826141357,68214.7265625,-345.364593505859,230,317,2632,16.4822254180908,509,9
563,17.7359733581543,67963.7265625,-354.397979736328,145,319,2647,16.5498676300049,503,8
564,17.7765274047852,67529.34765625,-347.44189453125,141,317,2657,16.5764694213867,512,8
565,15.5749564170837,68279.28515625,0.731620192527771,474,243,2425,15.2313604354858,807,7
566,17.472110748291,60822.86328125,-337.085235595703,95,316,2654,16.560977935791,521,9
567,15.2460083961487,53534.787109375,-140.657012939453,327.5,319,2591,16.4308700561523,705,40
568,14.6185302734375,40594.3515625,-157.534423828125,238,326,2595,16.4984188079834,693,55
569,16.8650388717651,67774.48828125,-368.163269042969,275,318,2640,16.4977264404297,499,3.5
570,16.8854475021362,68002.765625,-351.073699951172,275,314,2625,16.4003276824951,510,5
571,16.9406728744507,70275.04296875,-259.654418945312,301,285,2537,15.9380149841309,574,8.5
572,17.5511569976807,64569.994140625,-340.539184570312,138,335,2636,16.653678894043,493,7
573,18.1061592102051,68082.4375,-344.495910644531,99,335,2637,16.645881652832,490,7
574,18.2000007629395,68867.125,-350.019622802734,97,334,2639,16.6587448120117,486,8
575,17.8659019470215,67033.20703125,-357.069458007812,120,337,2638,16.6588954925537,486,6
576,18.1919717788696,67779.90234375,-364.342041015625,82,337,2642,16.6689529418945,481,6
577,16.8331670761108,68977.3125,-317.468414306641,300,304,2609,16.3131656646729,537,7
578,16.9699897766113,67677.8671875,-352.8134765625,261,316,2634,16.4435749053955,511,3
579,16.5916633605957,68012.3203125,-373.596405029297,319,319,2632,16.4581184387207,494,10
580,15.7583355903625,57083.5546875,-317.401458740234,294.5,313,2634,16.429386138916,542,27
581,18.0745544433594,65321.8828125,-379.83740234375,64,334,2645,16.6709270477295,470,3
582,18.1057367324829,65043.146484375,-380.135925292969,59,336,2644,16.6632480621338,470,4.5
583,18.1280498504639,66055.3515625,-376.722259521484,70,335,2645,16.6720314025879,468,2
584,16.8336963653564,67368.515625,-339.38427734375,276,310,2617,16.3524780273438,519,4.5
585,18.1451454162598,66200.34375,-376.101013183594,67,335,2644,16.6752376556396,471,0
586,18.2453861236572,67382.53125,-384.503753662109,70,334,2644,16.665111541748,466,4
587,17.9804382324219,65665,-380.817291259766,84,334,2644,16.6666431427002,467,9
588,17.8525218963623,66648.0234375,-377.188720703125,115,331,2639,16.6111278533936,464,8
589,17.8657112121582,63471.95703125,-379.83740234375,73,335,2644,16.6709270477295,470,8
590,18.0938339233398,66564.17578125,-377.741027832031,81,330,2639,16.6200141906738,464,1
591,18.1715126037598,66485.28125,-387.157135009766,70,333,2644,16.6458549499512,459,3
592,18.0152549743652,67348.859375,-383.697021484375,104,330,2639,16.6187438964844,460,10
593,18.0346393585205,67289.6328125,-380.772216796875,97,331,2639,16.6154499053955,461,5
594,18.0382328033447,67029.3359375,-380.772216796875,95,331,2639,16.6154499053955,461,4
595,17.8273792266846,66656.5703125,-369.8525390625,117,332,2639,16.6156482696533,470,6.5
596,18.2037734985352,66738.2109375,-375.470886230469,65,337,2647,16.6875534057617,468,4.5
597,17.8088836669922,65953.0546875,-376.800445556641,113,334,2641,16.641429901123,465,5
598,17.8725862503052,66345.33984375,-364.335510253906,109.5,338,2645,16.6873912811279,477,5.5
599,18.058988571167,66652.6484375,-355.576416015625,84,336,2630,16.6217346191406,490,7
600,17.6727695465088,66569.71875,-335.340728759766,138,334,2640,16.6631641387939,496,11
601,17.9093065261841,66327,-340.606018066406,103,338,2644,16.6996402740479,495,6
602,18.0182609558105,67184.46875,-351.844390869141,99,335,2627,16.6050109863281,490,3
603,18.1200256347656,66650.3984375,-362.256530761719,79,338,2644,16.674768447876,486,6
604,17.7766151428223,64688,-391.778137207031,101,331,2642,16.6322917938232,456,10
605,17.9283504486084,66436.3984375,-390.751098632812,99,331,2638,16.6275825500488,458,9
606,17.642728805542,66362.9375,-323.799407958984,141,333,2638,16.6819801330566,508,5
607,17.5932216644287,66217.96875,-349.183013916016,142,333,2627,16.6085033416748,494,12
608,17.9125156402588,66455.921875,-348.154144287109,106,337,2633,16.654914855957,490,5
609,17.5703773498535,66404.8984375,-348.640045166016,149,335,2621,16.5894832611084,493,12
610,17.9641380310059,69399.328125,-346.995666503906,137,336,2621,16.6025619506836,493,16
611,17.8191871643066,68195.984375,-358.662963867188,136,333,2633,16.6284217834473,486,14
612,17.9092597961426,67151,-323.160400390625,112,339,2651,16.8056049346924,522,4
613,17.8849544525146,64445.015625,-340.440277099609,77,340,2627,16.6562080383301,500,5
614,17.9104671478271,66607.6484375,-340.440277099609,108,340,2627,16.6562080383301,500,6
615,17.858772277832,65949.34765625,-340.440277099609,105,340,2627,16.6562080383301,500,3
616,17.6481895446777,63986.90234375,-343.972259521484,110,338,2627,16.6427326202393,497,7
617,18.0781421661377,65614.4375,-331.398864746094,70,339,2627,16.6488800048828,506,3
618,17.8797359466553,65417.189453125,-322.732177734375,95,340,2610,16.5658874511719,516,7.5
619,17.7562694549561,66006.1640625,-325.475006103516,114,340,2632,16.7137222290039,514,11
620,17.6948928833008,65727.66015625,-316.019012451172,128,339,2651,16.8028984069824,528,7
621,17.8886814117432,65418.673828125,-348.523101806641,96,337,2628,16.6257209777832,495,4
622,17.991286277771,67042.8203125,-335.758056640625,100.5,340,2633,16.7126712799072,504,5
623,18.0360345840454,67151.7421875,-340.954254150391,100.5,338,2618,16.6102676391602,497,5.5
624,17.9666061401367,66370.3515625,-343.028289794922,95,337,2639,16.691499710083,498,3
625,17.9377975463867,65773.53125,-337.140533447266,93,339,2639,16.7403221130371,503,4
